,street,city,zip,state,beds,baths,sq__ft,type,sale_date,price,latitude,longitude
0,351,33,95838,0,2,1,836,2,4,59222,506,311
1,522,33,95823,0,3,1,1167,2,4,68212,229,328
2,260,33,95815,0,2,1,796,2,4,68880,456,258
3,263,33,95815,0,2,1,852,2,4,69307,451,286
4,619,33,95824,0,2,1,797,2,4,81900,304,302
5,598,33,95841,0,3,1,1122,0,4,89921,589,635
6,629,33,95842,0,3,2,1104,2,4,90895,678,588
7,239,33,95820,0,3,1,1177,2,4,91002,332,126
8,50,28,95670,0,2,2,941,0,4,94905,465,810
9,742,30,95673,0,3,2,1146,2,4,98937,748,262
10,672,33,95838,0,3,2,909,2,4,100309,523,217
11,413,33,95823,0,3,2,1289,2,4,106250,197,184
12,280,33,95815,0,1,1,871,2,4,106852,459,300
13,183,33,95822,0,3,1,1020,2,4,107502,239,91
14,463,33,95842,0,2,2,1022,2,4,108750,639,557
15,744,33,95842,0,2,2,1134,0,4,110700,745,589
16,692,30,95673,0,2,1,844,2,4,113263,706,211
17,652,4,95621,0,2,1,795,0,4,116250,671,667
18,235,33,95833,0,2,1,588,2,4,120000,447,150
19,56,30,95673,0,3,2,1356,2,4,121630,708,169
20,635,4,95621,0,3,2,1118,2,4,122000,767,652
21,497,33,95823,0,4,2,1329,2,4,122682,191,254
22,761,23,95660,0,4,2,1240,2,4,123000,751,460
23,913,33,95834,0,3,2,1601,2,4,124100,492,109
24,373,23,95660,0,3,2,901,2,4,125000,749,484
25,381,0,95843,0,3,2,1088,2,4,126640,776,495
26,415,33,95820,0,3,1,963,2,4,127281,337,136
27,105,33,95832,0,3,2,1119,2,4,129000,216,75
28,974,33,95827,0,4,2,1380,2,4,131200,378,633
29,788,33,95828,0,3,2,1248,2,4,132000,201,424
30,529,9,95758,0,2,2,1039,0,4,133000,97,251
31,695,23,95660,0,3,2,1152,2,4,134555,713,505
32,306,33,95827,0,3,2,1380,2,4,136500,391,621
33,802,10,95626,0,3,2,1116,2,4,138750,785,398
34,530,9,95758,0,2,2,1039,0,4,141000,97,251
35,391,33,95823,0,3,2,1418,2,4,146250,253,173
36,512,23,95660,0,3,2,1082,2,4,147308,575,489
37,773,33,95823,0,4,2,1472,2,4,148750,233,166
38,723,33,95828,0,4,2,1146,2,4,149593,281,366
39,232,33,95825,0,1,1,760,0,4,150000,414,426
40,486,33,95835,0,2,2,1304,0,4,152000,580,13
41,194,33,95822,0,3,2,1207,2,4,154000,279,105
42,891,9,95624,0,3,2,1056,2,4,156896,78,469
43,585,0,95843,0,2,2,1043,2,4,161250,801,624
44,740,23,95660,0,4,2,1587,2,4,161500,740,507
45,249,33,95833,0,4,1,1120,2,4,164000,450,108
46,863,33,95823,0,4,2,1580,2,4,165000,143,320
47,755,33,95823,0,4,1,1955,2,4,166357,263,208
48,380,33,95838,0,4,2,1656,2,4,166357,517,360
49,449,33,95823,0,3,2,1477,2,4,168000,283,203
50,951,9,95624,0,3,2,1188,2,4,170000,77,513
51,845,33,95828,0,4,2,1590,2,4,173000,207,437
52,737,33,95823,0,3,2,1463,2,4,174250,222,374
53,825,33,95828,0,4,2,1714,2,4,174313,209,418
54,804,33,95823,0,3,2,1185,2,4,178480,176,310
55,53,14,95632,0,3,2,1406,2,4,178760,19,728
56,461,33,95842,0,4,2,1943,1,4,179580,608,564
57,915,33,95826,0,3,2,1172,2,4,181000,355,531
58,544,3,95608,0,3,1,1152,2,4,181872,588,669
59,617,33,95823,0,4,3,1851,2,4,182587,135,305
60,494,0,95843,0,3,2,1215,2,4,182716,786,597
61,301,14,95632,0,3,2,1130,2,4,182750,7,721
62,918,24,95662,0,4,2,1603,2,4,183200,595,871
63,405,14,95632,0,3,1,1479,2,4,188741,3,704
64,852,33,95823,0,3,2,1420,2,4,189000,161,352
65,247,33,95826,0,3,2,1280,2,4,192067,383,476
66,717,9,95758,0,3,2,1586,2,4,194000,96,357
67,796,0,95843,0,3,2,1362,2,4,194818,781,443
68,770,33,95828,0,4,4,2162,1,4,195000,235,382
69,707,33,95823,0,3,2,1266,2,4,198000,119,365
70,889,9,95624,0,4,2,1715,2,4,199500,120,454
71,70,12,95630,0,3,2,1820,2,4,200000,702,887
72,604,3,95608,0,3,1,936,2,4,200000,599,637
73,133,33,95834,0,0,0,0,2,4,206000,504,73
74,135,33,95834,0,3,2,1511,2,4,208000,561,23
75,856,33,95823,0,4,2,1590,2,4,212864,153,282
76,924,9,95758,0,4,2,1596,2,4,221000,105,354
77,389,33,95835,0,2,2,1341,2,4,221000,641,65
78,860,9,95624,0,5,3,2136,2,4,223058,114,441
79,973,9,95624,0,4,2,1616,2,4,227887,50,463
80,513,33,95823,0,3,2,1478,2,4,231477,272,260
81,20,28,95670,0,3,2,1287,2,4,234697,428,681
82,684,4,95621,0,4,2,1277,2,4,235000,752,671
83,272,33,95833,0,4,2,1448,2,4,236000,458,62
84,932,33,95829,0,4,3,2235,2,4,236685,172,561
85,434,21,95655,0,3,2,2093,2,4,237800,356,794
86,22,30,95673,0,3,2,1193,2,4,240122,724,273
87,489,9,95757,0,3,2,2163,2,4,242638,51,231
88,778,33,95828,0,3,2,1269,2,4,244000,226,386
89,270,33,95833,0,0,0,0,2,4,244500,487,40
90,705,33,95828,0,3,1,958,2,4,244960,287,367
91,881,9,95624,0,5,3,2508,2,4,245918,127,461
92,559,4,95621,0,3,2,1305,2,4,250000,604,731
93,141,9,95758,0,4,2,1591,2,4,250000,130,390
94,403,3,95608,0,2,2,1326,0,4,250134,520,672
95,502,9,95757,0,3,2,1843,2,4,254200,30,237
96,490,33,95841,0,4,2,1921,2,4,254200,562,609
97,565,9,95758,0,5,3,2790,2,4,258000,104,291
98,213,33,95835,0,3,2,1541,2,4,260000,568,6
99,500,33,95820,0,3,1,1018,2,4,260014,323,364
100,75,28,95742,0,0,0,0,2,4,263500,364,868
101,432,33,95834,0,3,2,1672,0,4,265000,550,9
102,575,27,95726,0,3,2,1380,2,4,265000,769,965
103,577,33,95822,0,3,1,975,2,4,271742,312,119
104,792,33,95829,0,4,3,2372,2,4,273750,202,657
105,700,33,95822,0,3,2,1446,2,4,275086,285,99
106,274,27,95726,0,2,2,1284,2,4,280908,838,964
107,174,33,95832,0,4,3,3009,2,4,280987,208,102
108,277,33,95826,0,8,4,3612,1,4,282400,380,534
109,956,9,95758,0,4,2,2056,2,4,285000,70,134
110,903,9,95624,0,4,2,1993,2,4,287417,128,503
111,543,9,95757,0,3,2,1857,2,4,291000,42,266
112,146,33,95818,0,2,1,1126,2,4,292024,370,100
113,17,33,95827,0,4,4,2213,1,4,297000,397,664
114,780,9,95758,0,5,3,2494,2,4,297000,121,400
115,505,9,95757,0,3,2,1843,2,4,298000,52,236
116,169,16,95670,0,2,2,1520,2,4,299000,493,823
117,478,33,95835,0,5,3,2800,2,4,304037,574,2
118,885,9,95624,0,4,2,2309,2,4,311000,122,447
119,961,33,95827,0,5,3,2367,2,4,315537,369,613
120,445,28,95742,0,5,4,3516,2,4,320000,352,862
121,546,28,95742,0,0,0,0,2,4,320000,319,858
122,909,33,95826,0,4,3,1914,2,4,328360,358,516
123,816,24,95662,0,2,1,1690,2,4,334150,782,872
124,466,9,95757,0,3,3,2725,2,4,335750,48,224
125,969,9,95757,0,4,3,2354,2,4,335750,54,330
126,184,33,95833,0,0,0,0,2,4,339500,432,11
127,5,12,95630,0,3,2,2185,2,4,344250,691,891
128,955,9,95758,0,4,2,1801,2,4,346210,73,420
129,871,33,95823,0,3,3,1961,2,4,347029,140,362
130,689,9,95757,0,4,2,3134,2,4,347650,25,351
131,420,33,95823,0,4,3,1915,2,4,351300,178,195
132,295,8,95762,0,3,2,0,2,4,352000,715,910
133,818,33,95831,0,0,0,0,2,4,370000,219,47
134,118,29,95683,0,4,3,2734,2,4,370500,251,917
135,52,38,95693,0,3,2,2110,2,4,372000,23,859
136,726,9,95757,0,5,3,3164,2,4,375000,53,369
137,571,33,95835,0,5,3,3599,2,4,381300,660,78
138,30,33,95831,0,4,2,2054,2,4,381942,293,50
139,791,0,95843,0,4,2,1830,2,4,387731,777,616
140,83,33,95814,0,3,3,1627,2,4,391000,412,111
141,697,9,95757,0,4,3,3440,2,4,394470,65,355
142,132,18,95635,0,3,2,2846,2,4,395000,966,948
143,948,9,95624,0,4,3,2359,2,4,400186,146,593
144,1,33,95831,0,3,3,2052,2,4,415000,256,7
145,711,9,95757,0,5,3,3433,2,4,425000,28,358
146,424,28,95742,0,5,3,3615,2,4,430000,357,849
147,943,9,95624,0,0,0,0,2,4,445000,90,538
148,176,12,95630,0,5,3,2687,2,4,460000,541,886
149,676,9,95757,0,4,3,2724,2,4,461000,27,342
150,716,9,95757,0,4,3,3440,2,4,489332,63,361
151,675,9,95757,0,5,4,3508,2,4,510000,27,341
152,199,12,95630,0,4,2,2462,2,4,539000,563,907
153,887,12,95630,0,0,0,0,2,4,585000,630,905
154,625,8,95762,0,4,3,0,2,4,600000,638,927
155,408,8,95762,0,4,3,0,2,4,606238,612,920
156,401,33,95864,0,3,3,2325,2,4,660000,422,512
157,314,8,95762,0,6,5,0,2,4,830000,628,922
158,654,4,95621,0,2,1,795,0,3,69000,673,669
159,344,33,95817,0,4,2,1099,2,3,70000,366,154
160,957,9,95624,0,2,1,840,0,3,71000,62,521
161,312,33,95815,0,2,1,800,2,3,78000,481,284
162,535,33,95824,0,2,1,746,2,3,78400,301,259
163,634,33,95822,0,3,1,1067,2,3,80000,299,129
164,492,33,95815,0,4,2,1316,2,3,89000,475,202
165,691,33,95815,0,3,1,1337,2,3,90000,472,225
166,616,33,95824,0,2,1,868,2,3,90000,302,393
167,768,33,95824,0,3,1,924,2,3,92000,294,383
168,511,33,95820,0,2,1,610,2,3,93675,340,238
169,106,29,95683,0,0,0,0,2,3,97750,275,902
170,34,33,95815,0,2,1,1220,2,3,98000,467,269
171,532,9,95758,0,1,1,722,0,3,98000,97,251
172,383,33,95864,0,3,1,1643,2,3,99000,417,494
173,531,9,95758,0,1,1,722,0,3,100000,97,251
174,51,14,95632,0,3,1,1080,2,3,106716,0,675
175,539,33,95820,0,3,1,1039,2,3,111000,314,303
176,371,23,95660,0,3,1,1051,2,3,111000,664,470
177,488,33,95842,0,2,2,967,2,3,114800,682,585
178,31,28,95670,0,3,1,1098,2,3,120108,416,726
179,661,33,95824,0,3,1,1050,2,3,123225,303,331
180,181,33,95838,0,3,2,1110,2,3,123750,516,178
181,376,23,95660,0,3,1,888,2,3,125000,555,491
182,640,33,95822,0,3,2,1120,2,3,125000,298,130
183,236,10,95626,0,3,2,1080,2,3,126000,797,415
184,366,23,95660,0,3,1,957,2,3,129000,610,474
185,626,33,95838,0,2,1,952,2,3,134000,524,210
186,673,33,95838,0,3,2,1211,2,3,135000,577,222
187,92,33,95815,0,3,2,1264,2,3,135500,454,295
188,316,33,95833,0,3,1,1080,2,3,140000,478,137
189,862,14,95632,0,3,2,1266,2,3,140000,9,714
190,545,11,95628,0,2,2,994,0,3,142500,591,800
191,25,33,95834,0,3,2,1202,2,3,143500,502,118
192,528,9,95758,0,0,0,0,0,3,145000,97,251
193,332,33,95820,0,2,1,722,2,3,145000,327,147
194,812,33,95828,0,4,2,1448,2,3,145000,260,405
195,787,33,95828,0,3,2,1188,2,3,145000,259,387
196,428,23,95660,0,4,2,1183,2,3,146000,720,526
197,757,33,95822,0,3,1,1320,2,3,148500,254,97
198,857,33,95828,0,3,2,1117,2,3,149000,205,440
199,822,33,95828,0,3,2,1364,2,3,150000,242,419
200,473,33,95823,0,4,2,1310,2,3,150000,248,229
201,939,9,95758,0,2,2,1006,2,3,152000,89,391
202,693,4,95621,0,3,2,1104,2,3,156000,723,692
203,171,33,95825,0,2,1,810,2,3,156000,444,375
204,945,9,95624,0,2,2,1123,2,3,156000,87,517
205,462,33,95842,0,2,1,904,2,3,157788,637,552
206,731,4,95621,0,3,2,1156,2,3,161653,802,705
207,470,33,95820,0,2,1,1321,2,3,161829,344,214
208,322,0,95843,0,3,2,1392,2,3,165000,788,450
209,872,33,95823,0,3,2,1439,2,3,168000,138,368
210,456,33,95842,0,3,2,1159,2,3,169000,743,547
211,234,28,95670,0,3,2,1671,2,3,175000,421,665
212,841,33,95823,0,3,2,1740,2,3,176250,158,325
213,600,33,95823,0,3,2,1265,2,3,179000,166,313
214,794,0,95843,0,2,2,1007,2,3,180000,780,562
215,730,9,95758,0,3,2,1716,2,3,180400,86,371
216,844,9,95758,0,4,2,1685,2,3,182000,83,439
217,200,28,95670,0,4,2,1829,2,3,184500,424,656
218,905,9,95758,0,3,2,1555,2,3,185000,115,272
219,609,3,95608,0,4,2,1120,2,3,189000,611,640
220,720,4,95621,0,3,2,1137,2,3,194000,800,700
221,396,33,95826,0,3,1,1174,2,3,195000,347,528
222,450,0,95843,0,3,2,1393,2,3,200000,757,543
223,259,2,95682,0,3,1,0,2,3,201000,725,944
224,126,19,95648,0,4,2,0,2,3,202500,908,687
225,824,33,95828,0,3,2,1289,2,3,205000,167,446
226,499,33,95838,0,4,2,1799,2,3,205000,566,244
227,222,26,95667,0,3,2,0,2,3,205000,832,960
228,630,33,95823,0,4,3,1953,2,3,205000,125,322
229,430,33,95820,0,2,1,723,2,3,207000,334,363
230,338,2,95682,0,2,2,0,2,3,210000,728,941
231,147,26,95667,0,2,1,948,2,3,211500,829,952
232,596,4,95621,0,4,2,1578,2,3,215000,734,631
233,803,4,95610,0,3,2,1317,2,3,215000,779,825
234,313,33,95833,0,0,0,0,2,3,215500,486,46
235,647,33,95824,0,3,1,1360,2,3,222381,297,215
236,218,33,95825,0,0,0,0,0,3,225000,418,411
237,298,33,95833,0,3,2,1522,2,3,225000,482,45
238,296,33,95825,0,4,2,1751,2,3,225000,439,442
239,949,9,95624,0,3,2,1465,2,3,225000,88,596
240,940,33,95826,0,4,2,1605,2,3,228000,377,575
241,447,30,95673,0,4,2,1475,2,3,229665,753,201
242,209,22,95722,0,3,1,1216,2,3,230000,967,930
243,826,11,95628,0,2,2,1315,2,3,230000,605,828
244,465,9,95757,0,3,2,1567,2,3,230000,39,226
245,547,33,95835,0,3,2,1776,2,3,234000,634,53
246,519,33,95835,0,3,2,2187,2,3,235000,587,15
247,188,33,95822,0,3,1,1291,2,3,236250,330,90
248,633,12,95630,0,0,0,0,0,3,240000,539,900
249,900,9,95624,0,0,0,0,2,3,242000,116,500
250,747,33,95842,0,3,2,1503,2,3,245000,742,542
251,839,33,95828,0,4,3,2491,2,3,245000,164,457
252,326,33,95816,0,2,1,1269,2,3,245000,384,156
253,197,33,95835,0,0,0,0,2,3,250000,656,37
254,584,24,95662,0,3,2,1176,2,3,250000,627,874
255,701,24,95662,0,4,2,1456,2,3,250000,718,836
256,425,32,95678,0,3,2,1498,2,3,250000,811,720
257,541,0,95843,0,3,2,1574,2,3,255000,778,611
258,666,4,95610,0,5,4,2085,1,3,256054,683,807
259,834,33,95829,0,3,2,2170,2,3,257729,163,545
260,799,9,95758,0,4,2,1595,2,3,260000,67,402
261,587,0,95843,0,3,2,1567,2,3,261000,761,619
262,662,19,95648,0,4,2,0,2,3,261800,907,717
263,121,33,95822,0,4,2,1253,2,3,264469,240,79
264,821,0,95843,0,4,3,1768,2,3,265000,795,578
265,212,33,95835,0,0,0,0,2,3,270000,657,34
266,548,33,95835,0,4,3,2030,2,3,270000,632,83
267,475,33,95835,0,3,2,1531,2,3,270000,607,35
268,431,33,95834,0,0,0,0,2,3,270000,549,10
269,901,9,95624,0,4,3,1653,2,3,275000,113,487
270,953,9,95758,0,4,2,2056,2,3,275000,72,125
271,968,9,95624,0,4,3,2494,2,3,280000,58,587
272,898,11,95628,0,3,2,1450,2,3,286013,585,857
273,357,33,95834,0,4,2,2169,2,3,292000,508,39
274,100,32,95747,0,3,2,1440,2,3,292000,837,627
275,555,11,95628,0,3,2,1527,2,3,293993,600,833
276,367,32,95678,0,3,2,1401,2,3,294000,851,790
277,406,33,95838,0,3,2,1411,2,3,296769,573,196
278,42,19,95648,0,4,4,0,2,3,297500,902,668
279,55,16,95670,0,0,0,0,0,3,300000,484,827
280,741,30,95673,0,3,1,1284,2,3,300000,746,213
281,976,14,95632,0,4,3,2307,2,3,300000,11,779
282,455,26,95667,0,3,2,1329,2,3,300000,729,953
283,582,33,95835,0,4,2,1910,2,3,300500,662,87
284,170,16,95670,0,3,2,1981,2,3,305000,494,824
285,321,32,95747,0,0,0,0,2,3,306500,846,533
286,111,33,95835,0,0,0,0,2,3,312500,623,8
287,84,19,95648,0,5,3,0,2,3,315000,905,689
288,808,33,95823,0,4,2,2205,2,3,319789,136,309
289,205,19,95648,0,2,2,1449,2,3,330000,894,802
290,32,12,95630,0,3,2,1258,2,3,330000,618,888
291,553,9,95757,0,3,2,2575,2,3,331000,31,275
292,554,33,95820,0,2,1,539,2,3,334000,346,268
293,349,28,95670,0,4,3,2208,2,3,336000,399,792
294,45,33,95819,0,3,1,1108,2,3,339000,388,298
295,416,12,95630,0,4,2,1595,2,3,339000,560,897
296,806,14,95632,0,4,2,2159,2,3,345000,13,708
297,78,26,95667,0,4,3,2295,2,3,350000,828,961
298,317,32,95678,0,3,2,1838,2,3,356000,859,722
299,397,33,95823,0,4,2,1900,2,3,361745,252,174
300,124,33,95811,0,4,2,1718,2,3,361948,423,135
301,966,9,95757,0,5,3,3389,2,3,370000,59,133
302,608,31,95677,0,4,2,0,2,3,380000,855,877
303,964,9,95757,0,5,4,3260,2,3,385000,60,323
304,343,2,95682,0,3,2,2016,2,3,399000,596,937
305,186,31,95765,0,4,2,2607,2,3,402000,879,793
306,13,9,95757,0,4,3,2724,2,3,406026,38,261
307,38,14,95632,0,5,4,3746,2,3,420000,10,784
308,552,28,95742,0,0,0,0,2,3,425000,316,852
309,659,29,95683,0,4,2,3192,2,3,425000,296,908
310,93,33,95834,0,0,0,0,2,3,433500,554,0
311,104,19,95648,0,4,3,0,2,3,436746,897,678
312,414,8,95762,0,5,3,0,2,3,438700,665,932
313,436,33,95811,0,2,1,1247,2,3,445000,410,141
314,29,12,95630,0,4,2,2581,2,3,450000,654,903
315,451,33,95841,0,3,1,2068,2,3,460000,542,581
316,23,8,95762,0,3,2,0,2,3,460000,619,921
317,971,9,95624,0,4,3,3992,2,3,460000,55,617
318,227,33,95835,0,4,4,3397,2,3,465000,606,3
319,569,33,95835,0,5,3,3881,2,3,471750,661,49
320,189,31,95765,0,5,3,0,2,3,480000,875,797
321,180,3,95608,0,2,2,1598,2,3,484000,434,628
322,980,26,95667,0,4,3,1929,2,3,485000,861,956
323,275,9,95757,0,4,3,3070,2,3,495000,47,145
324,167,32,95678,0,0,0,0,2,3,500500,842,711
325,137,1,95603,0,3,3,0,2,3,504000,957,909
326,256,8,95762,0,0,0,0,2,3,541000,490,925
327,970,38,95693,0,0,0,0,2,3,560000,66,880
328,784,33,95829,0,5,3,3984,2,3,572500,215,688
329,586,3,95608,0,4,2,2222,2,3,582000,433,625
330,286,32,95661,0,4,3,3838,2,3,613401,823,860
331,877,32,95747,0,4,2,0,2,3,614000,831,549
332,419,11,95628,0,5,5,2846,2,3,680000,531,822
333,98,33,95819,0,5,2,2484,2,3,699000,386,239
334,394,20,95650,0,4,4,1624,2,3,839000,882,895
335,599,33,95842,0,2,1,840,0,1,40000,644,569
336,936,33,95825,0,1,1,484,0,1,48000,409,433
337,245,33,95815,0,3,1,970,2,1,61500,463,177
338,404,33,95817,0,2,1,623,2,1,62050,354,180
339,364,33,95820,0,2,1,932,2,1,65000,325,157
340,392,33,95838,0,2,1,796,2,1,65000,527,308
341,479,33,95820,0,2,1,834,2,1,68000,341,220
342,479,33,95820,0,2,1,834,2,1,68000,341,220
343,514,33,95841,0,2,1,924,0,1,77000,579,620
344,459,33,95842,0,2,1,795,0,1,82732,624,559
345,382,33,95838,0,3,1,1250,2,1,84000,521,318
346,388,33,95820,0,2,1,984,2,1,84675,336,165
347,728,33,95828,0,3,1,1013,2,1,85000,280,353
348,765,33,95822,0,3,1,1012,2,1,90000,246,107
349,921,33,95826,0,2,1,795,0,1,90000,379,525
350,18,33,95838,0,2,2,918,2,1,91000,500,264
351,551,33,95838,0,3,1,1082,2,1,95000,525,206
352,538,33,95842,0,2,1,964,2,1,97500,592,553
353,267,33,95815,0,4,2,1404,1,1,100000,453,279
354,369,33,95826,0,1,1,625,0,1,100000,351,567
355,623,4,95621,0,2,1,888,2,1,101000,651,723
356,289,33,95815,0,4,2,1120,2,1,102750,468,190
357,374,23,95660,0,3,1,1331,2,1,112500,707,472
358,198,33,95821,0,3,1,1014,2,1,113000,476,385
359,348,33,95820,0,4,2,1448,2,1,114000,328,149
360,537,33,95838,0,3,1,966,2,1,114000,582,205
361,820,33,95823,0,2,1,779,2,1,114750,173,289
362,814,0,95843,0,2,2,836,0,1,115000,793,536
363,127,32,95678,0,2,2,1100,0,1,115000,819,783
364,795,33,95832,0,3,1,1174,2,1,116100,194,153
365,372,23,95660,0,3,2,1207,2,1,119250,567,477
366,746,33,95828,0,4,4,1995,1,1,120000,270,408
367,246,33,95820,0,2,1,804,2,1,120000,322,132
368,426,33,95834,0,2,2,958,0,1,120000,546,44
369,467,33,95823,0,3,2,1366,2,1,120108,195,234
370,549,33,95823,0,2,2,901,2,1,121500,154,276
371,248,33,95815,0,3,1,696,2,1,121725,449,253
372,166,14,95632,0,3,2,1080,2,1,122000,1,684
373,694,33,95822,0,3,2,1104,2,1,123000,288,104
374,311,33,95825,0,2,1,972,2,1,125000,430,444
375,268,33,95833,0,4,2,1390,2,1,125573,452,124
376,782,10,95626,0,4,2,1354,2,1,126714,760,285
377,916,33,95826,0,2,1,795,0,1,126960,374,506
378,206,32,95678,0,2,1,780,0,1,127000,835,813
379,748,33,95828,0,4,2,1587,2,1,127500,269,458
380,738,23,95660,0,3,2,1209,2,1,130000,741,483
381,418,33,95824,0,2,1,1139,2,1,133105,308,183
382,641,30,95673,0,2,2,1690,2,1,136500,712,216
383,721,3,95608,0,3,2,1245,0,1,139500,491,632
384,229,10,95626,0,3,2,1416,2,1,140000,799,414
385,221,33,95832,0,3,2,1300,2,1,140800,225,127
386,187,33,95822,0,3,2,1120,2,1,145000,249,112
387,769,33,95828,0,4,2,1590,2,1,147000,228,428
388,855,33,95828,0,3,2,1407,2,1,149600,230,435
389,363,33,95820,0,5,2,1516,2,1,150000,329,155
390,7,32,95747,0,2,2,0,0,1,150000,869,630
391,269,33,95822,0,3,2,1646,2,1,150000,264,143
392,628,33,95823,0,3,2,1676,2,1,155000,157,316
393,76,33,95838,0,3,2,1370,2,1,155435,544,293
394,76,33,95838,0,3,2,1370,2,1,155500,544,293
395,618,4,95621,0,4,2,1351,2,1,158000,750,645
396,735,23,95660,0,3,2,1152,2,1,158000,737,475
397,858,33,95823,0,3,2,1452,2,1,160000,151,299
398,129,32,95678,0,2,1,990,2,1,160000,822,713
399,687,4,95621,0,2,2,1162,2,1,164000,804,686
400,63,30,95673,0,3,2,1182,2,1,164000,701,168
401,674,9,95758,0,2,2,1112,2,1,165000,103,332
402,758,14,95632,0,3,2,1100,2,1,167000,16,706
403,850,4,95621,0,4,2,1280,2,1,167293,791,718
404,850,4,95621,0,4,2,1280,2,1,167293,791,718
405,534,33,95820,0,3,1,1039,2,1,168000,317,314
406,727,33,95842,0,3,2,1159,2,1,170000,731,546
407,285,33,95833,0,4,2,1917,2,1,170000,464,123
408,11,33,95827,0,3,2,1520,2,1,170000,389,653
409,331,14,95632,0,3,2,1204,2,1,174000,8,703
410,472,33,95841,0,3,2,1120,2,1,178000,578,570
411,875,33,95823,0,3,2,1436,2,1,180000,137,347
412,942,33,95826,0,3,2,1451,2,1,180000,382,586
413,817,33,95828,0,4,2,1638,2,1,180000,182,462
414,729,3,95608,0,2,2,1000,0,1,182000,522,710
415,138,32,95661,0,3,1,1152,2,1,188325,813,832
416,89,32,95747,0,3,2,1154,2,1,191500,834,679
417,185,33,95838,0,3,2,1353,2,1,192000,572,160
418,612,4,95621,0,3,2,1329,2,1,192700,762,641
419,377,33,95826,0,3,1,1356,2,1,195000,349,518
420,516,33,95838,0,3,2,1505,2,1,197654,538,209
421,639,33,95842,0,3,1,1009,2,1,198000,676,573
422,0,33,95823,0,3,2,1144,2,1,200345,174,345
423,925,33,95864,0,2,1,930,2,1,203000,408,449
424,688,33,95841,0,4,2,1766,2,1,207000,703,629
425,827,33,95828,0,4,3,1940,2,1,208000,193,430
426,954,9,95758,0,4,2,1776,2,1,210000,75,413
427,736,4,95621,0,3,1,1258,2,1,212000,739,719
428,828,33,95828,0,4,2,1872,2,1,213675,165,498
429,667,9,95758,0,2,2,1112,2,1,213697,99,335
430,283,33,95833,0,4,2,1856,2,1,215000,462,84
431,323,33,95816,0,4,3,1939,2,1,215000,400,172
432,303,32,95678,0,3,1,998,2,1,215100,833,712
433,653,32,95678,0,3,2,1758,2,1,217500,839,693
434,41,33,95838,0,3,2,2142,2,1,218000,576,175
435,763,33,95831,0,2,1,950,2,1,220000,245,64
436,756,9,95758,0,4,3,1739,2,1,221000,82,378
437,878,9,95624,0,3,2,1516,2,1,222900,46,464
438,330,0,95843,0,3,1,988,2,1,223139,759,448
439,927,14,95632,0,4,2,1555,2,1,225500,14,724
440,448,33,95820,0,3,2,1212,2,1,228327,331,389
441,293,33,95833,0,4,2,1871,2,1,230000,483,43
442,893,33,95828,0,3,2,1302,2,1,230000,212,466
443,476,33,95841,0,2,1,756,0,1,230522,571,576
444,457,0,95843,0,4,3,2026,2,1,231200,805,560
445,310,33,95831,0,3,2,1375,2,1,232000,265,1
446,292,33,95834,0,2,2,1250,0,1,232500,535,4
447,581,33,95822,0,3,1,1058,2,1,233641,311,128
448,892,0,95843,0,3,2,1187,2,1,234000,816,445
449,759,33,95831,0,2,2,1324,2,1,234500,257,32
450,819,33,95828,0,4,3,1936,2,1,235000,171,412
451,39,28,95670,0,5,4,2382,1,1,236000,436,799
452,642,12,95630,0,3,2,1427,2,1,236073,670,894
453,328,33,95835,0,3,2,1678,0,1,238000,603,29
454,725,14,95632,0,4,2,1798,2,1,238861,12,698
455,329,0,95843,0,4,3,2652,2,1,239700,810,452
456,923,33,95829,0,4,2,1816,2,1,240000,156,540
457,6,33,95834,0,5,3,3076,2,1,240000,512,58
458,670,9,95758,0,4,2,1844,2,1,241000,112,333
459,496,33,95823,0,3,2,1306,2,1,245000,168,247
460,365,33,95833,0,4,3,2447,2,1,246000,437,12
461,710,33,95828,0,4,2,1176,2,1,247234,262,373
462,776,30,95673,0,4,2,1182,2,1,247480,697,171
463,86,30,95673,0,3,1,1160,2,1,249862,689,306
464,190,33,95835,0,3,2,1424,2,1,251000,648,57
465,848,24,95662,0,4,2,1574,2,1,252155,717,837
466,540,0,95843,0,3,2,1830,2,1,254172,778,610
467,930,9,95624,0,4,2,1724,2,1,258000,147,563
468,202,1,95603,0,2,2,1255,0,1,260000,963,904
469,870,9,95758,0,0,0,0,2,1,261000,80,416
470,360,33,95835,0,4,3,2175,2,1,261000,653,60
471,342,33,95835,0,4,2,1904,2,1,261000,674,21
472,959,8,95762,0,4,2,1808,2,1,262500,598,915
473,67,28,95742,0,4,2,2711,2,1,266000,359,844
474,601,3,95608,0,3,1,1713,2,1,266000,633,644
475,579,9,95757,0,3,2,1457,2,1,270000,43,290
476,26,9,95757,0,4,3,2724,2,1,274425,24,339
477,655,31,95765,0,0,0,0,2,1,274500,878,730
478,783,33,95828,0,3,2,1468,2,1,275336,217,473
479,203,33,95835,0,4,3,2550,2,1,277980,609,61
480,28,14,95632,0,4,2,1928,2,1,280000,17,732
481,74,33,95814,0,3,3,1922,2,1,284686,411,106
482,648,4,95621,0,3,2,1343,2,1,284893,792,659
483,556,31,95677,0,3,2,1510,2,1,285000,860,875
484,196,1,95603,0,2,2,960,1,1,285000,965,926
485,468,3,95608,0,4,2,1559,2,1,285000,551,682
486,498,7,95623,0,3,2,1624,2,1,289000,642,950
487,242,33,95832,0,5,3,2992,2,1,295000,204,98
488,485,9,95758,0,4,2,2109,2,1,296000,109,230
489,33,28,95670,0,4,2,1524,2,1,296056,405,734
490,876,33,95828,0,3,2,1248,2,1,297359,175,453
491,644,33,95823,0,4,2,1876,2,1,299940,276,167
492,238,19,95648,0,5,3,0,2,1,304000,893,829
493,327,28,95670,0,4,3,1851,2,1,305000,403,788
494,302,32,95747,0,0,0,0,2,1,307000,848,532
495,237,33,95835,0,4,2,2218,2,1,311328,684,18
496,833,33,95828,0,3,2,1394,2,1,313138,203,425
497,895,33,95828,0,3,2,1410,2,1,316630,192,488
498,606,9,95758,0,5,3,3468,2,1,320000,118,296
499,477,0,95843,0,5,3,2346,2,1,320000,766,580
500,482,0,95843,0,5,3,2347,2,1,325000,773,584
501,305,33,95834,0,4,2,1659,2,1,328578,526,31
502,638,9,95757,0,3,3,2442,2,1,331000,64,324
503,77,28,95742,0,0,0,0,2,1,331500,375,870
504,273,33,95833,0,4,2,2155,2,1,340000,440,14
505,922,33,95838,0,0,0,0,2,1,344755,601,249
506,906,33,95828,0,3,2,1810,2,1,345746,211,501
507,651,9,95757,0,4,2,2789,2,1,351000,34,327
508,165,14,95632,0,4,2,1606,2,1,353767,4,658
509,24,14,95632,0,0,0,0,2,1,355000,18,754
510,162,33,95835,0,4,2,2166,2,1,356035,688,25
511,87,33,95816,0,0,0,0,0,1,360000,338,68
512,560,33,95835,0,4,2,1871,2,1,360552,640,72
513,179,33,95835,0,3,2,1800,2,1,362305,643,63
514,233,33,95817,0,3,1,1683,2,1,365000,363,182
515,772,32,95678,0,3,2,0,2,1,367554,863,785
516,88,32,95747,0,0,0,0,2,1,368500,870,654
517,262,31,95765,0,2,2,1596,2,1,370000,888,855
518,182,26,95667,0,4,2,0,2,1,371086,820,962
519,15,9,95757,0,3,2,1179,2,1,378000,37,235
520,660,9,95757,0,0,0,0,2,1,383000,26,334
521,362,33,95818,0,3,1,1639,2,1,388000,343,131
522,66,28,95742,0,5,3,3281,2,1,395100,360,845
523,134,33,95819,0,3,2,1697,2,1,400000,402,301
524,258,8,95762,0,3,2,0,2,1,400000,719,918
525,337,0,95843,0,4,3,2085,2,1,408431,815,455
526,191,31,95765,0,0,0,0,2,1,413000,889,778
527,399,33,95815,0,4,2,1744,1,1,416767,469,194
528,294,8,95762,0,4,3,0,2,1,420000,649,936
529,130,12,95630,0,4,3,1939,2,1,423000,613,899
530,264,2,95682,0,4,2,0,2,1,423000,698,938
531,85,33,95814,0,2,3,1788,2,1,427500,398,95
532,506,31,95765,0,3,2,1691,2,1,430922,887,834
533,958,9,95758,0,4,2,2002,2,1,445000,71,326
534,527,9,95757,0,4,4,4303,2,1,450000,49,255
535,297,33,95834,0,5,3,4246,2,1,452000,496,33
536,508,32,95661,0,3,2,2274,2,1,470000,830,840
537,590,8,95762,0,4,3,0,2,1,471000,659,933
538,709,24,95662,0,4,4,3056,2,1,475000,721,853
539,963,9,95758,0,3,3,2503,2,1,484500,68,245
540,732,8,95762,0,5,3,0,2,1,487500,547,914
541,614,31,95677,0,3,3,0,2,1,488750,853,878
542,2,12,95630,0,3,2,1905,2,1,500000,727,885
543,112,25,95663,0,3,2,1320,2,1,506688,901,890
544,411,19,95648,0,2,2,0,2,1,512000,899,815
545,136,32,95747,0,5,3,0,2,1,520000,871,607
546,173,16,95670,0,4,2,3037,2,1,528000,497,839
547,947,38,95693,0,5,2,3741,2,1,579093,79,843
548,27,12,95630,0,4,3,2660,2,1,636000,690,893
549,480,3,95608,0,4,3,3357,2,1,668365,515,582
550,469,17,95746,0,5,3,2896,2,1,676200,807,873
551,225,26,95667,0,3,2,2025,2,1,677048,825,947
552,82,38,95693,0,5,3,3788,2,1,691659,74,883
553,650,17,95746,0,5,3,3670,2,1,760000,856,892
554,160,19,95648,0,0,0,0,2,1,4897,935,771
555,223,19,95648,0,0,0,0,2,1,4897,931,773
556,261,19,95648,0,0,0,0,2,1,4897,927,775
557,318,19,95648,0,0,0,0,2,1,4897,921,777
558,358,19,95648,0,0,0,0,2,1,4897,916,772
559,400,19,95648,0,0,0,0,2,1,4897,912,764
560,446,19,95648,0,0,0,0,2,1,4897,915,758
561,484,19,95648,0,0,0,0,2,1,4897,919,755
562,526,19,95648,0,0,0,0,2,1,4897,923,751
563,696,19,95648,0,0,0,0,2,1,4897,934,746
564,733,19,95648,0,0,0,0,2,1,4897,937,747
565,767,19,95648,0,0,0,0,2,1,4897,939,748
566,810,19,95648,0,0,0,0,2,1,4897,942,749
567,861,19,95648,0,0,0,0,2,1,4897,944,750
568,897,19,95648,0,0,0,0,2,1,4897,946,751
569,934,19,95648,0,0,0,0,2,1,4897,947,752
570,962,19,95648,0,0,0,0,2,1,4897,949,757
571,3,19,95648,0,0,0,0,2,1,4897,950,760
572,442,19,95648,0,0,0,0,2,1,4897,956,772
573,291,19,95648,0,0,0,0,2,1,4897,920,735
574,40,19,95648,0,0,0,0,2,1,4897,926,743
575,150,19,95648,0,0,0,0,2,1,4897,929,742
576,254,19,95648,0,0,0,0,2,1,4897,932,741
577,347,19,95648,0,0,0,0,2,1,4897,936,740
578,440,19,95648,0,0,0,0,2,1,4897,940,739
579,521,19,95648,0,4,2,0,2,1,4897,943,738
580,603,19,95648,0,3,2,0,2,1,4897,945,737
581,760,19,95648,0,3,2,0,2,1,4897,952,736
582,658,19,95648,0,0,0,0,2,1,4897,930,745
583,398,19,95648,0,0,0,0,2,1,4897,956,780
584,384,19,95648,0,0,0,0,2,1,4897,955,781
585,375,19,95648,0,0,0,0,2,1,4897,954,782
586,61,19,95648,0,0,0,0,2,1,4897,953,765
587,36,19,95648,0,0,0,0,2,1,4897,953,763
588,4,19,95648,0,0,0,0,2,1,4897,953,761
589,561,19,95648,0,0,0,0,2,1,4897,925,748
590,520,19,95648,0,0,0,0,2,1,4897,922,753
591,474,19,95648,0,0,0,0,2,1,4897,917,756
592,439,19,95648,0,0,0,0,2,1,4897,914,759
593,387,19,95648,0,0,0,0,2,1,4897,913,767
594,346,19,95648,0,0,0,0,2,1,4897,918,775
595,304,19,95648,0,0,0,0,2,1,4897,924,776
596,253,19,95648,0,0,0,0,2,1,4897,928,774
597,211,19,95648,0,0,0,0,2,1,4897,933,772
598,149,19,95648,0,0,0,0,2,1,4897,938,770
599,109,19,95648,0,0,0,0,2,1,4897,941,769
600,714,19,95648,0,0,0,0,2,1,4897,948,768
601,714,19,95648,0,0,0,0,2,1,4897,948,768
602,290,19,95648,0,0,0,0,2,1,4897,951,766
603,835,4,95621,0,3,2,1166,2,0,30000,787,666
604,57,30,95673,0,0,0,0,2,0,30000,699,163
605,110,33,95823,0,2,1,838,2,0,55422,199,307
606,595,23,95660,0,2,1,904,2,0,63000,636,465
607,217,33,95815,0,2,1,1032,2,0,65000,441,227
608,378,33,95838,0,2,1,904,2,0,65000,518,270
609,334,33,95817,0,2,1,1080,2,0,65000,348,176
610,81,33,95822,0,2,2,990,2,0,66500,278,142
611,379,33,95838,0,2,1,900,2,0,71000,519,250
612,597,33,95824,0,2,1,861,2,0,75000,309,340
613,842,33,95823,0,2,1,906,0,0,77000,160,336
614,64,33,95815,0,2,1,1011,2,0,85000,477,281
615,435,33,95823,0,3,2,1089,2,0,95625,185,199
616,307,33,95815,0,2,1,832,2,0,96140,479,283
617,631,33,95822,0,2,1,800,0,0,104250,300,56
618,481,33,95842,0,4,2,1292,2,0,105000,669,572
619,96,33,95822,0,2,1,810,2,0,108000,305,67
620,368,33,95838,0,4,2,1064,2,0,109000,513,179
621,231,28,95670,0,2,1,911,2,0,115000,445,806
622,487,33,95835,0,1,1,846,0,0,115000,580,13
623,340,33,95827,0,3,2,1320,2,0,115500,387,636
624,46,33,95838,0,3,2,1410,2,0,115620,584,278
625,220,28,95670,0,3,2,1115,2,0,116000,427,662
626,103,33,95822,0,3,2,1169,2,0,122000,274,71
627,743,33,95822,0,3,2,1164,2,0,122500,273,138
628,68,33,95823,0,4,2,1341,2,0,123000,238,240
629,69,33,95838,0,3,2,1219,2,0,124000,565,162
630,698,33,95842,0,4,2,1127,2,0,124000,709,544
631,680,23,95660,0,3,2,1272,2,0,124413,693,520
632,125,33,95822,0,4,2,1253,2,0,125000,241,81
633,789,33,95828,0,3,2,1120,2,0,130000,221,395
634,410,23,95660,0,2,2,1118,2,0,131750,581,514
635,437,33,95838,0,4,3,1890,2,0,137721,543,274
636,60,33,95833,0,3,2,1260,2,0,137760,473,114
637,503,33,95823,0,3,2,1400,2,0,138000,250,263
638,281,33,95821,0,3,1,1264,2,0,140000,461,381
639,566,33,95824,0,3,1,1060,2,0,145000,310,288
640,790,33,95828,0,2,2,1132,2,0,145000,232,401
641,407,33,95823,0,3,2,1466,2,0,150000,200,181
642,977,33,95827,0,3,2,1092,2,0,150000,381,646
643,712,33,95828,0,4,2,1628,2,0,151000,277,370
644,504,33,95842,0,3,2,960,2,0,155000,700,595
645,734,4,95621,0,3,2,1075,2,0,155800,733,709
646,315,33,95826,0,3,2,1428,2,0,156142,365,574
647,832,33,95828,0,4,2,1358,2,0,158000,210,421
648,829,33,95828,0,6,4,2475,1,0,159900,177,423
649,699,4,95610,0,3,2,1410,2,0,160000,705,816
650,354,0,95843,0,3,2,1711,2,0,161500,775,459
651,460,33,95826,0,4,2,1483,2,0,161600,335,558
652,938,14,95632,0,3,2,1140,2,0,162000,15,725
653,840,33,95828,0,4,2,1549,2,0,165000,255,431
654,894,33,95828,0,3,2,1410,2,0,165000,188,478
655,637,9,95758,0,3,2,1240,2,0,167293,111,319
656,611,33,95842,0,5,2,1712,2,0,168000,658,579
657,671,33,95823,0,4,2,1580,2,0,168000,141,338
658,402,0,95843,0,3,2,1669,2,0,168750,798,511
659,908,33,95826,0,3,1,1029,2,0,168750,350,510
660,847,4,95621,0,3,1,1103,2,0,170000,794,694
661,904,33,95828,0,3,2,2161,2,0,170250,231,502
662,454,33,95823,0,3,2,1650,2,0,173000,184,219
663,204,27,95726,0,3,1,1320,2,0,175000,849,966
664,353,33,95826,0,3,2,1200,2,0,176095,362,602
665,139,33,95835,0,3,2,1170,2,0,176250,685,76
666,785,4,95621,0,3,2,1199,2,0,178000,768,702
667,873,33,95823,0,4,2,1695,2,0,179000,139,337
668,228,28,95670,0,3,2,1157,2,0,180000,442,798
669,10,33,95838,0,3,2,1410,2,0,180000,540,265
670,128,32,95678,0,3,2,1174,2,0,180000,822,713
671,224,33,95823,0,3,2,1593,2,0,181000,133,343
672,550,30,95673,0,3,2,1093,2,0,182000,686,207
673,71,32,95678,0,3,2,1770,2,0,182587,809,733
674,766,33,95822,0,4,2,1436,2,0,185074,243,96
675,859,33,95829,0,3,2,1124,2,0,185833,152,568
676,899,33,95826,0,4,2,1139,2,0,186785,390,493
677,154,33,95832,0,3,2,1638,2,0,187000,214,86
678,809,33,95833,0,3,2,1328,2,0,188335,443,94
679,911,9,95758,0,3,2,1273,2,0,190000,108,280
680,443,33,95838,0,3,1,1082,2,0,190000,583,200
681,14,33,95827,0,4,2,1578,2,0,190000,401,660
682,393,32,95661,0,2,1,796,2,0,190000,814,861
683,495,33,95823,0,3,2,1386,2,0,191250,227,241
684,276,28,95670,0,3,2,1452,2,0,193000,420,715
685,438,33,95823,0,3,2,1513,2,0,193500,196,204
686,602,13,95631,0,0,0,0,2,0,194818,968,955
687,719,33,95842,0,4,2,1578,2,0,195000,722,622
688,624,4,95610,0,4,3,1736,2,0,195000,655,795
689,333,2,95682,0,2,2,0,2,0,195000,710,942
690,240,33,95821,0,3,1,1473,2,0,195000,446,519
691,350,33,95820,0,3,1,1150,2,0,198000,326,151
692,271,33,95833,0,3,2,1127,2,0,199900,455,59
693,704,11,95628,0,3,1,1144,2,0,200000,597,699
694,589,3,95608,0,3,1,972,2,0,201000,470,626
695,793,9,95758,0,4,2,2306,2,0,204918,92,397
696,890,0,95843,0,3,2,1479,2,0,205000,808,566
697,663,7,95623,0,2,1,1040,2,0,205000,663,954
698,216,33,95838,0,3,2,1430,2,0,205878,532,388
699,159,33,95832,0,4,2,1800,2,0,207000,220,93
700,797,0,95843,0,4,2,1953,2,0,207744,783,606
701,632,33,95835,0,3,2,1120,2,0,209000,680,66
702,161,33,95834,0,3,2,1232,2,0,210000,530,28
703,151,33,95835,0,1,1,984,0,0,210944,622,70
704,94,32,95678,0,3,2,0,0,0,212500,868,762
705,867,9,95758,0,4,2,2329,2,0,213750,142,384
706,960,9,95758,0,3,2,1351,2,0,215000,69,422
707,257,2,95682,0,2,2,0,2,0,215000,714,945
708,97,32,95661,0,4,1,1376,2,0,215000,824,818
709,668,6,95619,0,3,2,1300,2,0,216033,704,957
710,116,33,95825,0,4,2,1566,2,0,220000,426,427
711,215,33,95817,0,2,1,1115,2,0,220000,376,148
712,145,33,95818,0,2,1,1032,2,0,220000,372,103
713,739,4,95621,0,4,2,1419,2,0,220000,738,727
714,972,9,95757,0,3,2,1261,2,0,220000,57,256
715,567,3,95608,0,2,2,1637,2,0,220702,505,618
716,58,33,95825,0,4,2,1776,1,0,221250,415,417
717,929,9,95758,0,3,2,1338,2,0,222000,98,287
718,979,9,95757,0,0,0,0,2,0,222500,22,429
719,941,9,95624,0,5,2,2254,2,0,222750,93,603
720,319,33,95834,0,3,2,1441,2,0,225000,528,30
721,91,33,95838,0,4,2,1991,2,0,225000,556,158
722,836,33,95829,0,4,3,2126,2,0,228750,162,592
723,882,9,95624,0,3,2,1094,2,0,229000,124,537
724,341,31,95677,0,3,2,1462,2,0,230095,872,848
725,35,33,95834,0,5,3,2258,2,0,232500,529,20
726,214,28,95670,0,3,2,1074,2,0,233000,429,674
727,910,9,95624,0,4,2,2111,2,0,233500,32,515
728,241,33,95835,0,3,2,1686,2,0,239000,631,48
729,412,0,95843,0,4,3,1915,2,0,240000,764,523
730,944,9,95624,0,4,2,2367,2,0,240000,91,486
731,713,33,95823,0,3,2,1962,2,0,240971,126,304
732,49,28,95670,0,2,2,1406,2,0,242000,485,809
733,854,33,95829,0,3,2,1789,2,0,243450,155,594
734,123,33,95835,0,4,2,1876,2,0,243500,646,42
735,851,0,95843,0,3,2,1235,2,0,246544,803,480
736,433,0,95843,0,4,2,2504,2,0,246750,771,555
737,356,33,95834,0,0,0,0,2,0,247000,503,74
738,524,3,95608,0,3,2,1676,2,0,247000,570,683
739,615,4,95621,0,3,2,1367,2,0,249000,772,643
740,937,9,95758,0,4,3,1899,2,0,249000,95,189
741,920,9,95758,0,3,2,1636,2,0,250000,106,380
742,345,33,95821,0,3,2,1828,2,0,250000,489,522
743,656,31,95765,0,0,0,0,2,0,250000,877,729
744,946,33,95826,0,4,2,1438,2,0,252000,367,590
745,886,9,95624,0,3,2,1451,2,0,255000,123,499
746,148,33,95825,0,3,1,1520,2,0,255000,431,436
747,143,32,95747,0,3,2,1506,2,0,255000,852,614
748,153,33,95835,0,4,2,2605,2,0,257200,650,52
749,649,24,95662,0,3,2,1196,2,0,260000,668,869
750,210,19,95648,0,3,2,1621,2,0,260000,960,649
751,580,33,95835,0,3,2,1811,2,0,263500,666,19
752,19,9,95757,0,3,2,1540,2,0,266510,33,297
753,80,19,95648,0,4,2,0,2,0,267750,909,707
754,620,26,95667,0,0,0,0,2,0,270000,883,958
755,300,32,95747,0,0,0,0,2,0,271000,843,527
756,251,8,95762,0,4,2,0,2,0,272700,732,912
757,621,34,95682,0,0,0,0,3,0,275000,533,949
758,978,9,95757,0,3,2,1543,2,0,275000,44,152
759,278,33,95835,0,5,3,2494,2,0,276000,593,41
760,252,19,95648,0,3,2,1650,2,0,276500,891,804
761,282,14,95632,0,4,3,2214,2,0,278000,5,650
762,288,33,95835,0,5,3,2280,2,0,279000,615,36
763,664,3,95608,0,3,2,1443,2,0,280000,590,661
764,702,4,95621,0,4,2,1582,2,0,280000,716,696
765,912,9,95757,0,3,2,1857,2,0,285000,45,223
766,279,9,95758,0,3,2,1735,2,0,288000,84,144
767,16,9,95624,0,4,3,2096,2,0,289000,41,599
768,43,33,95825,0,3,2,1720,2,0,290000,393,404
769,471,0,95843,0,4,2,2160,2,0,290000,758,577
770,114,33,95838,0,4,2,1382,2,0,293996,537,329
771,883,26,95667,0,3,2,0,2,0,294000,817,959
772,869,9,95624,0,4,2,1721,2,0,294173,144,539
773,591,20,95650,0,4,2,1328,2,0,295000,886,879
774,843,9,95624,0,0,0,0,2,0,298000,134,434
775,935,9,95624,0,4,2,1982,2,0,298000,94,485
776,144,33,95818,0,2,1,1144,2,0,299000,373,101
777,47,33,95825,0,2,2,1623,2,0,300000,392,403
778,219,5,95614,0,3,2,1457,2,0,300000,962,946
779,952,9,95624,0,6,3,2555,2,0,300000,56,601
780,593,31,95765,0,3,2,1577,2,0,300567,874,826
781,605,9,95757,0,5,3,2592,2,0,303000,35,312
782,837,4,95610,0,3,2,1401,2,0,305000,790,820
783,44,19,95648,0,4,2,0,2,0,306000,903,648
784,284,3,95608,0,3,2,1502,2,0,310000,457,638
785,90,12,95630,0,3,2,1327,2,0,310000,559,896
786,665,32,95678,0,4,3,1800,2,0,310000,841,801
787,657,33,95831,0,4,2,2169,2,0,311518,266,5
788,122,19,95648,0,5,3,2457,2,0,312000,892,805
789,536,28,95742,0,0,0,0,2,0,313000,320,864
790,573,24,95662,0,4,2,2004,2,0,315000,620,882
791,679,32,95678,0,4,3,2212,2,0,315000,850,716
792,798,0,95843,0,5,3,3134,2,0,315000,784,605
793,427,33,95864,0,3,2,1360,2,0,315000,438,524
794,542,31,95765,0,4,2,0,2,0,315000,884,821
795,574,33,95822,0,3,2,1276,2,0,320000,313,51
796,339,33,95834,0,4,3,2962,2,0,322000,553,27
797,230,31,95765,0,4,2,1888,2,0,325000,885,819
798,325,32,95747,0,0,0,0,2,0,325500,847,535
799,453,32,95678,0,3,2,0,2,0,326951,844,697
800,73,14,95632,0,3,2,1548,2,0,328370,21,786
801,102,19,95648,0,2,2,0,2,0,330000,900,817
802,336,28,95670,0,4,3,2109,2,0,330000,407,796
803,21,33,95827,0,4,2,2484,2,0,331200,394,685
804,108,33,95834,0,4,3,2258,2,0,332000,514,24
805,594,33,95835,0,3,3,2212,2,0,334000,647,85
806,568,24,95662,0,3,2,1616,2,0,335000,617,876
807,523,33,95835,0,4,2,2372,2,0,341000,621,88
808,588,31,95765,0,5,3,2606,2,0,346375,880,814
809,775,32,95678,0,5,3,0,2,0,347225,864,787
810,491,9,95757,0,5,3,2877,2,0,349000,29,233
811,458,0,95843,0,3,2,2960,2,0,350000,774,556
812,156,19,95648,0,2,2,0,2,0,350000,896,808
813,690,32,95678,0,3,2,2172,2,0,350000,865,803
814,265,32,95678,0,3,2,2100,0,0,350000,840,791
815,777,33,95831,0,3,2,1795,2,0,351000,244,16
816,422,8,95762,0,3,2,0,2,0,356200,694,919
817,515,32,95661,0,4,2,2295,2,0,360000,821,846
818,919,32,95747,0,4,3,2577,2,0,367463,866,623
819,207,32,95747,0,0,0,0,2,0,375000,854,541
820,95,36,95690,0,3,1,1727,2,0,380000,2,54
821,703,9,95758,0,3,2,1485,2,0,380578,107,356
822,361,3,95608,0,3,2,1655,2,0,386222,499,647
823,168,19,95648,0,0,0,0,2,0,389000,906,655
824,72,28,95742,0,0,0,0,2,0,390000,333,863
825,158,32,95661,0,3,2,2049,2,0,395500,826,838
826,557,28,95742,0,0,0,0,2,0,396000,315,851
827,965,9,95757,0,5,3,2875,2,0,397000,61,248
828,113,19,95648,0,0,0,0,2,0,400000,961,651
829,570,8,95762,0,4,2,2199,2,0,400000,569,911
830,140,32,95747,0,4,3,0,2,0,412500,881,634
831,54,33,95818,0,2,1,1304,2,0,413500,361,69
832,483,3,95608,0,3,2,2334,2,0,415000,509,583
833,107,1,95603,0,4,3,2278,2,0,420454,964,913
834,518,33,95819,0,3,1,1493,2,0,425000,406,267
835,266,2,95682,0,3,2,0,2,0,425000,626,939
836,119,19,95648,0,0,0,0,2,0,433500,898,680
837,517,32,95747,0,5,3,0,2,0,438000,876,612
838,715,12,95630,0,5,3,2787,2,0,441000,586,889
839,79,33,95831,0,5,3,2824,2,0,445000,289,55
840,48,12,95630,0,4,3,3261,2,0,446000,645,901
841,308,33,95821,0,4,2,2053,2,0,450000,466,509
842,320,32,95661,0,4,3,2379,2,0,455000,836,854
843,193,8,95762,0,3,2,0,2,0,460000,672,929
844,441,26,95667,0,3,2,0,2,0,475000,711,963
845,669,15,95633,0,3,2,0,2,0,490000,890,951
846,177,8,95762,0,4,2,0,2,0,493000,679,931
847,643,8,95762,0,5,4,0,2,0,508000,652,928
848,164,32,95747,0,0,0,0,2,0,511000,857,471
849,838,11,95628,0,3,2,3173,2,0,525000,557,830
850,493,8,95762,0,4,3,0,2,0,533000,594,924
851,385,33,95864,0,3,1,1348,2,0,545000,419,496
852,831,1,95603,0,4,3,0,2,0,560000,904,906
853,62,33,95816,0,2,1,1252,2,0,575000,395,191
854,172,12,95630,0,4,3,3229,2,0,575000,756,884
855,975,33,95829,0,5,4,3863,2,0,598695,150,639
856,142,32,95747,0,5,3,0,2,0,600000,873,604
857,464,31,95677,0,4,3,0,2,0,600000,845,866
858,645,17,95746,0,4,3,2356,2,0,600000,818,867
859,452,31,95677,0,0,0,0,2,0,600000,858,865
860,866,32,95747,0,5,3,3579,2,0,610000,862,615
861,163,8,95762,0,0,0,0,2,0,622500,548,935
862,175,8,95762,0,0,0,0,2,0,680000,687,934
863,287,8,95762,0,4,3,0,2,0,879000,765,923
864,950,38,95693,0,4,3,4400,2,0,884790,76,881
865,370,19,95648,0,3,3,0,2,0,1551,895,856
866,99,35,95683,0,3,4,5822,2,0,2000,267,898
867,753,33,95828,0,4,2,1512,2,2,56950,261,451
868,926,33,95826,0,1,1,611,0,2,60000,345,550
869,610,33,95823,0,2,1,876,2,2,61000,198,321
870,583,33,95842,0,2,1,933,0,2,62000,629,551
871,390,33,95820,0,2,1,864,2,2,68566,339,164
872,718,33,95838,0,2,1,1011,2,2,70000,534,228
873,846,33,95815,0,4,2,1158,2,2,80000,460,159
874,622,33,95838,0,3,2,1092,2,2,85500,536,212
875,562,33,95833,0,2,1,956,0,2,92000,488,77
876,417,33,95824,0,2,2,1139,2,2,93600,306,187
877,750,33,95822,0,3,1,1058,2,2,95000,258,146
878,335,33,95838,0,3,2,1040,2,2,97750,495,243
879,395,33,95823,0,3,2,1354,2,2,104000,247,170
880,646,23,95660,0,3,1,1051,2,2,105000,667,481
881,752,33,95825,0,1,1,682,0,2,107666,404,410
882,429,33,95824,0,3,1,1161,2,2,109000,295,193
883,101,33,95838,0,3,1,1004,2,2,110000,545,317
884,578,23,95660,0,3,1,1229,2,2,110000,625,467
885,771,33,95832,0,3,2,1249,2,2,112500,236,110
886,208,33,95832,0,3,2,1161,2,2,114800,234,120
887,681,33,95823,0,3,1,1010,2,2,116000,179,348
888,299,2,95682,0,0,0,0,0,2,119000,675,940
889,525,33,95820,0,4,2,1462,2,2,121500,318,392
890,779,33,95828,0,3,2,1269,2,2,122000,218,406
891,888,33,95820,0,2,2,1188,2,2,123675,324,394
892,131,33,95838,0,4,2,1570,2,2,126854,507,344
893,309,33,95817,0,3,2,1093,2,2,127059,353,192
894,762,33,95828,0,3,1,962,2,2,128687,291,379
895,409,33,95823,0,3,2,1089,2,2,129500,181,186
896,800,33,95824,0,3,2,1127,2,2,130000,307,396
897,686,33,95822,0,4,2,1309,2,2,131750,290,122
898,722,30,95673,0,2,1,970,2,2,132000,730,252
899,967,33,95823,0,3,2,1144,2,2,134000,169,350
900,250,28,95670,0,3,1,1000,2,2,134000,425,701
901,117,19,95648,0,0,0,0,0,2,138000,910,811
902,359,0,95843,0,3,2,1206,2,2,142000,763,468
903,192,33,95825,0,3,1,1285,2,2,143012,435,377
904,879,33,95828,0,3,2,1543,2,2,145846,223,456
905,636,37,95691,0,2,1,884,2,2,147000,385,22
906,423,33,95817,0,3,1,1019,2,2,148750,342,188
907,815,33,95823,0,4,2,1392,2,2,150000,183,376
908,592,33,95842,0,2,1,924,0,2,150454,635,571
909,807,33,95823,0,3,2,1217,2,2,151087,180,232
910,880,0,95843,0,3,2,1670,2,2,157296,812,565
911,155,33,95832,0,3,2,1302,2,2,157500,206,89
912,444,33,95823,0,3,2,1488,2,2,160000,284,198
913,677,23,95660,0,3,2,1373,2,2,160000,692,479
914,853,4,95621,0,4,2,1381,2,2,161250,796,690
915,607,33,95823,0,3,2,1265,2,2,164000,170,315
916,244,33,95818,0,2,1,881,2,2,165000,371,140
917,509,37,95691,0,0,0,0,2,2,165000,413,26
918,813,33,95829,0,4,2,1608,2,2,165750,186,548
919,678,4,95621,0,3,1,1344,2,2,166000,677,673
920,9,33,95834,0,3,2,1202,2,2,169000,510,117
921,627,19,95648,0,3,2,1104,2,2,170000,958,695
922,8,32,95747,0,2,2,0,0,2,170000,869,630
923,749,33,95828,0,4,2,1859,1,2,170000,268,409
924,781,33,95832,0,3,2,1232,2,2,170000,213,139
925,745,33,95828,0,3,1,1638,2,2,170725,271,432
926,774,33,95831,0,2,2,1177,2,2,171750,237,17
927,243,33,95833,0,3,2,1582,2,2,172000,471,82
928,724,33,95823,0,2,2,904,2,2,173056,286,218
929,907,9,95758,0,3,2,1340,2,2,174000,110,359
930,59,33,95833,0,3,2,1204,2,2,174250,480,113
931,902,9,95624,0,4,2,1477,2,2,176850,132,504
932,914,33,95823,0,4,2,1497,2,2,179500,145,346
933,874,11,95628,0,3,1,960,2,2,185000,614,842
934,120,19,95648,0,0,0,0,0,2,188000,911,812
935,37,33,95834,0,3,2,1428,2,2,188700,511,115
936,563,33,95820,0,3,1,1039,2,2,189000,321,294
937,576,11,95628,0,3,1,1529,2,2,189000,616,847
938,685,4,95621,0,4,3,1892,2,2,189836,744,676
939,255,33,95838,0,4,2,1887,2,2,190000,552,161
940,683,24,95662,0,3,2,1294,2,2,191250,696,835
941,157,33,95832,0,3,2,1638,2,2,191675,224,92
942,811,33,95823,0,3,2,1677,2,2,195500,187,372
943,754,4,95621,0,3,1,1073,2,2,198000,747,670
944,823,33,95838,0,3,2,1231,2,2,200000,558,221
945,564,9,95758,0,3,2,1175,2,2,200000,100,277
946,864,9,95624,0,3,2,1416,2,2,200000,149,530
947,115,37,95691,0,0,0,0,2,2,200100,396,38
948,613,33,95835,0,3,2,1358,2,2,201528,681,80
949,896,9,95624,0,4,2,1609,2,2,204750,117,492
950,682,33,95842,0,4,3,1968,2,2,205000,695,608
951,201,33,95818,0,2,2,1089,2,2,205000,368,116
952,324,3,95608,0,3,2,1296,2,2,205900,474,598
953,533,9,95758,0,2,2,1189,2,2,207000,101,257
954,421,33,95815,0,2,1,795,2,2,207973,448,197
955,178,32,95747,0,3,2,1371,2,2,208250,827,691
956,706,23,95660,0,3,1,1310,2,2,208318,726,497
957,830,14,95632,0,3,2,1262,2,2,209347,6,677
958,884,9,95624,0,4,2,1740,2,2,211500,129,508
959,865,0,95843,0,3,2,1517,2,2,212000,806,600
960,805,33,95828,0,3,2,1450,2,2,213000,189,407
961,917,9,95624,0,3,2,1416,2,2,216000,148,529
962,786,33,95828,0,3,1,888,2,2,216021,292,399
963,868,4,95610,0,3,2,1882,2,2,219000,789,841
964,12,9,95757,0,3,2,1302,2,2,219794,40,292
965,931,9,95758,0,3,2,1418,2,2,220000,102,349
966,933,32,95678,0,3,2,0,0,2,220000,867,744
967,558,3,95608,0,4,2,1319,2,2,220000,602,663
968,65,14,95632,0,4,2,1770,2,2,220000,20,789
969,501,33,95842,0,4,2,1627,2,2,223000,735,591
970,355,33,95834,0,0,0,0,2,2,224000,501,74
971,352,33,95821,0,3,1,1040,2,2,224000,498,482
972,751,23,95660,0,3,1,960,2,2,224252,755,490
973,195,2,95682,0,3,2,0,2,2,224500,736,943
974,764,24,95662,0,3,1,1456,2,2,225000,754,850
975,510,9,95757,0,3,2,1450,2,2,228000,36,242
976,226,19,95648,0,3,2,1358,2,2,229027,959,642
977,507,33,95823,0,4,2,1329,2,2,229500,190,246
978,572,33,95823,0,4,2,1715,2,2,230000,131,271
979,152,9,95758,0,3,2,1262,2,2,230000,85,121
980,928,33,95829,0,4,3,2280,2,2,232425,159,554
981,708,33,95823,0,3,2,1477,2,2,234000,282,185
982,801,4,95610,0,3,2,1216,2,2,235000,770,831
983,849,9,95758,0,4,2,1685,2,2,235301,81,438
984,386,8,95762,0,3,2,1362,2,2,235738,564,916
